episode_path,instruction
/home/billy/25-1kp/vla/ROS_action/basket_dataset_v2/episode_20260129_010041_basket_1box_hori_left_core_medium.h5,Navigate to the brown pot on the left
/home/billy/25-1kp/vla/ROS_action/basket_dataset_v2/episode_20260129_010422_basket_1box_hori_left_core_medium.h5,Navigate to the brown pot on the left
/home/billy/25-1kp/vla/ROS_action/basket_dataset_v2/episode_20260129_010453_basket_1box_hori_left_core_medium.h5,Navigate to the brown pot on the left
/home/billy/25-1kp/vla/ROS_action/basket_dataset_v2/episode_20260129_011330_basket_1box_hori_left_core_medium.h5,Navigate to the brown pot on the left
/home/billy/25-1kp/vla/ROS_action/basket_dataset_v2/episode_20260129_011507_basket_1box_hori_left_core_medium.h5,Navigate to the brown pot on the left
/home/billy/25-1kp/vla/ROS_action/basket_dataset_v2/episode_20260129_011537_basket_1box_hori_left_core_medium.h5,Navigate to the brown pot on the left
/home/billy/25-1kp/vla/ROS_action/basket_dataset_v2/episode_20260129_011609_basket_1box_hori_left_core_medium.h5,Navigate to the brown pot on the left
/home/billy/25-1kp/vla/ROS_action/basket_dataset_v2/episode_20260129_011640_basket_1box_hori_left_core_medium.h5,Navigate to the brown pot on the left
/home/billy/25-1kp/vla/ROS_action/basket_dataset_v2/episode_20260129_011710_basket_1box_hori_left_core_medium.h5,Navigate to the brown pot on the left
/home/billy/25-1kp/vla/ROS_action/basket_dataset_v2/episode_20260129_011745_basket_1box_hori_left_core_medium.h5,Navigate to the brown pot on the left
/home/billy/25-1kp/vla/ROS_action/basket_dataset_v2/episode_20260129_011815_basket_1box_hori_left_core_medium.h5,Navigate to the brown pot on the left
/home/billy/25-1kp/vla/ROS_action/basket_dataset_v2/episode_20260129_011846_basket_1box_hori_left_core_medium.h5,Navigate to the brown pot on the left
/home/billy/25-1kp/vla/ROS_action/basket_dataset_v2/episode_20260129_011917_basket_1box_hori_left_core_medium.h5,Navigate to the brown pot on the left
/home/billy/25-1kp/vla/ROS_action/basket_dataset_v2/episode_20260129_011944_basket_1box_hori_left_core_medium.h5,Navigate to the brown pot on the left
/home/billy/25-1kp/vla/ROS_action/basket_dataset_v2/episode_20260129_012218_basket_1box_hori_left_core_medium.h5,Navigate to the brown pot on the left
/home/billy/25-1kp/vla/ROS_action/basket_dataset_v2/episode_20260129_012247_basket_1box_hori_left_core_medium.h5,Navigate to the brown pot on the left
/home/billy/25-1kp/vla/ROS_action/basket_dataset_v2/episode_20260129_012344_basket_1box_hori_left_core_medium.h5,Navigate to the brown pot on the left
/home/billy/25-1kp/vla/ROS_action/basket_dataset_v2/episode_20260129_012427_basket_1box_hori_left_core_medium.h5,Navigate to the brown pot on the left
/home/billy/25-1kp/vla/ROS_action/basket_dataset_v2/episode_20260129_012457_basket_1box_hori_left_core_medium.h5,Navigate to the brown pot on the left
/home/billy/25-1kp/vla/ROS_action/basket_dataset_v2/episode_20260129_012527_basket_1box_hori_left_core_medium.h5,Navigate to the brown pot on the left
/home/billy/25-1kp/vla/ROS_action/basket_dataset_v2/episode_20260129_012611_basket_1box_hori_left_core_medium.h5,Navigate to the brown pot on the left
/home/billy/25-1kp/vla/ROS_action/basket_dataset_v2/episode_20260129_012641_basket_1box_hori_left_core_medium.h5,Navigate to the brown pot on the left
/home/billy/25-1kp/vla/ROS_action/basket_dataset_v2/episode_20260129_012715_basket_1box_hori_left_core_medium.h5,Navigate to the brown pot on the left
/home/billy/25-1kp/vla/ROS_action/basket_dataset_v2/episode_20260129_012745_basket_1box_hori_left_core_medium.h5,Navigate to the brown pot on the left
/home/billy/25-1kp/vla/ROS_action/basket_dataset_v2/episode_20260129_013057_basket_1box_hori_left_core_medium.h5,Navigate to the brown pot on the left
/home/billy/25-1kp/vla/ROS_action/basket_dataset_v2/episode_20260129_013141_basket_1box_hori_left_core_medium.h5,Navigate to the brown pot on the left
/home/billy/25-1kp/vla/ROS_action/basket_dataset_v2/episode_20260129_013211_basket_1box_hori_left_core_medium.h5,Navigate to the brown pot on the left
/home/billy/25-1kp/vla/ROS_action/basket_dataset_v2/episode_20260129_013244_basket_1box_hori_left_core_medium.h5,Navigate to the brown pot on the left
/home/billy/25-1kp/vla/ROS_action/basket_dataset_v2/episode_20260129_013316_basket_1box_hori_left_core_medium.h5,Navigate to the brown pot on the left
/home/billy/25-1kp/vla/ROS_action/basket_dataset_v2/episode_20260129_013420_basket_1box_hori_left_core_medium.h5,Navigate to the brown pot on the left
/home/billy/25-1kp/vla/ROS_action/basket_dataset_v2/episode_20260129_013454_basket_1box_hori_left_core_medium.h5,Navigate to the brown pot on the left
/home/billy/25-1kp/vla/ROS_action/basket_dataset_v2/episode_20260129_013529_basket_1box_hori_left_core_medium.h5,Navigate to the brown pot on the left
/home/billy/25-1kp/vla/ROS_action/basket_dataset_v2/episode_20260129_013714_basket_1box_hori_left_core_medium.h5,Navigate to the brown pot on the left
/home/billy/25-1kp/vla/ROS_action/basket_dataset_v2/episode_20260129_013813_basket_1box_hori_left_core_medium.h5,Navigate to the brown pot on the left
/home/billy/25-1kp/vla/ROS_action/basket_dataset_v2/episode_20260129_013843_basket_1box_hori_left_core_medium.h5,Navigate to the brown pot on the left
/home/billy/25-1kp/vla/ROS_action/basket_dataset_v2/episode_20260129_013917_basket_1box_hori_left_core_medium.h5,Navigate to the brown pot on the left
/home/billy/25-1kp/vla/ROS_action/basket_dataset_v2/episode_20260129_013950_basket_1box_hori_left_core_medium.h5,Navigate to the brown pot on the left
/home/billy/25-1kp/vla/ROS_action/basket_dataset_v2/episode_20260129_014056_basket_1box_hori_left_core_medium.h5,Navigate to the brown pot on the left
/home/billy/25-1kp/vla/ROS_action/basket_dataset_v2/episode_20260129_014125_basket_1box_hori_left_core_medium.h5,Navigate to the brown pot on the left
/home/billy/25-1kp/vla/ROS_action/basket_dataset_v2/episode_20260129_014210_basket_1box_hori_left_core_medium.h5,Navigate to the brown pot on the left
/home/billy/25-1kp/vla/ROS_action/basket_dataset_v2/episode_20260129_014325_basket_1box_hori_left_core_medium.h5,Navigate to the brown pot on the left
/home/billy/25-1kp/vla/ROS_action/basket_dataset_v2/episode_20260129_014358_basket_1box_hori_left_core_medium.h5,Navigate to the brown pot on the left
/home/billy/25-1kp/vla/ROS_action/basket_dataset_v2/episode_20260129_014431_basket_1box_hori_left_core_medium.h5,Navigate to the brown pot on the left
/home/billy/25-1kp/vla/ROS_action/basket_dataset_v2/episode_20260129_014503_basket_1box_hori_left_core_medium.h5,Navigate to the brown pot on the left
/home/billy/25-1kp/vla/ROS_action/basket_dataset_v2/episode_20260129_014540_basket_1box_hori_left_core_medium.h5,Navigate to the brown pot on the left
/home/billy/25-1kp/vla/ROS_action/basket_dataset_v2/episode_20260129_014632_basket_1box_hori_left_core_medium.h5,Navigate to the brown pot on the left
/home/billy/25-1kp/vla/ROS_action/basket_dataset_v2/episode_20260129_014701_basket_1box_hori_left_core_medium.h5,Navigate to the brown pot on the left
/home/billy/25-1kp/vla/ROS_action/basket_dataset_v2/episode_20260129_014733_basket_1box_hori_left_core_medium.h5,Navigate to the brown pot on the left
/home/billy/25-1kp/vla/ROS_action/basket_dataset_v2/episode_20260129_014803_basket_1box_hori_left_core_medium.h5,Navigate to the brown pot on the left
/home/billy/25-1kp/vla/ROS_action/basket_dataset_v2/episode_20260129_014830_basket_1box_hori_left_core_medium.h5,Navigate to the brown pot on the left
/home/billy/25-1kp/vla/ROS_action/basket_dataset_v2/episode_20260129_014905_basket_1box_hori_left_core_medium.h5,Navigate to the brown pot on the left
/home/billy/25-1kp/vla/ROS_action/basket_dataset_v2/episode_20260129_014935_basket_1box_hori_left_core_medium.h5,Navigate to the brown pot on the left
/home/billy/25-1kp/vla/ROS_action/basket_dataset_v2/episode_20260129_015304_basket_1box_hori_left_core_medium.h5,Navigate to the brown pot on the left
/home/billy/25-1kp/vla/ROS_action/basket_dataset_v2/episode_20260129_015338_basket_1box_hori_left_core_medium.h5,Navigate to the brown pot on the left
/home/billy/25-1kp/vla/ROS_action/basket_dataset_v2/episode_20260129_015408_basket_1box_hori_left_core_medium.h5,Navigate to the brown pot on the left
/home/billy/25-1kp/vla/ROS_action/basket_dataset_v2/episode_20260129_015448_basket_1box_hori_left_core_medium.h5,Navigate to the brown pot on the left
/home/billy/25-1kp/vla/ROS_action/basket_dataset_v2/episode_20260129_015607_basket_1box_hori_left_core_medium.h5,Navigate to the brown pot on the left
/home/billy/25-1kp/vla/ROS_action/basket_dataset_v2/episode_20260129_015638_basket_1box_hori_left_core_medium.h5,Navigate to the brown pot on the left
/home/billy/25-1kp/vla/ROS_action/basket_dataset_v2/episode_20260129_015708_basket_1box_hori_left_core_medium.h5,Navigate to the brown pot on the left
/home/billy/25-1kp/vla/ROS_action/basket_dataset_v2/episode_20260129_015743_basket_1box_hori_left_core_medium.h5,Navigate to the brown pot on the left
/home/billy/25-1kp/vla/ROS_action/basket_dataset_v2/episode_20260129_015813_basket_1box_hori_left_core_medium.h5,Navigate to the brown pot on the left
/home/billy/25-1kp/vla/ROS_action/basket_dataset_v2/episode_20260129_015912_basket_1box_hori_left_core_medium.h5,Navigate to the brown pot on the left
/home/billy/25-1kp/vla/ROS_action/basket_dataset_v2/episode_20260129_015956_basket_1box_hori_left_core_medium.h5,Navigate to the brown pot on the left
/home/billy/25-1kp/vla/ROS_action/basket_dataset_v2/episode_20260129_020030_basket_1box_hori_left_core_medium.h5,Navigate to the brown pot on the left
/home/billy/25-1kp/vla/ROS_action/basket_dataset_v2/episode_20260129_020107_basket_1box_hori_left_core_medium.h5,Navigate to the brown pot on the left
/home/billy/25-1kp/vla/ROS_action/basket_dataset_v2/episode_20260129_020146_basket_1box_hori_left_core_medium.h5,Navigate to the brown pot on the left
/home/billy/25-1kp/vla/ROS_action/basket_dataset_v2/episode_20260129_020231_basket_1box_hori_left_core_medium.h5,Navigate to the brown pot on the left
/home/billy/25-1kp/vla/ROS_action/basket_dataset_v2/episode_20260129_020335_basket_1box_hori_left_core_medium.h5,Navigate to the brown pot on the left
/home/billy/25-1kp/vla/ROS_action/basket_dataset_v2/episode_20260129_020434_basket_1box_hori_left_core_medium.h5,Navigate to the brown pot on the left
/home/billy/25-1kp/vla/ROS_action/basket_dataset_v2/episode_20260129_020513_basket_1box_hori_left_core_medium.h5,Navigate to the brown pot on the left
/home/billy/25-1kp/vla/ROS_action/basket_dataset_v2/episode_20260129_020552_basket_1box_hori_left_core_medium.h5,Navigate to the brown pot on the left
/home/billy/25-1kp/vla/ROS_action/basket_dataset_v2/episode_20260129_060806_basket_1box_hori_left_core_medium.h5,Navigate to the brown pot on the left
/home/billy/25-1kp/vla/ROS_action/basket_dataset_v2/episode_20260129_061004_basket_1box_hori_left_core_medium.h5,Navigate to the brown pot on the left
/home/billy/25-1kp/vla/ROS_action/basket_dataset_v2/episode_20260129_061036_basket_1box_hori_left_core_medium.h5,Navigate to the brown pot on the left
/home/billy/25-1kp/vla/ROS_action/basket_dataset_v2/episode_20260129_061111_basket_1box_hori_left_core_medium.h5,Navigate to the brown pot on the left
/home/billy/25-1kp/vla/ROS_action/basket_dataset_v2/episode_20260129_061146_basket_1box_hori_left_core_medium.h5,Navigate to the brown pot on the left
/home/billy/25-1kp/vla/ROS_action/basket_dataset_v2/episode_20260129_061221_basket_1box_hori_left_core_medium.h5,Navigate to the brown pot on the left
/home/billy/25-1kp/vla/ROS_action/basket_dataset_v2/episode_20260129_063612_basket_1box_hori_left_core_medium.h5,Navigate to the brown pot on the left
/home/billy/25-1kp/vla/ROS_action/basket_dataset_v2/episode_20260129_063641_basket_1box_hori_left_core_medium.h5,Navigate to the brown pot on the left
/home/billy/25-1kp/vla/ROS_action/basket_dataset_v2/episode_20260129_063717_basket_1box_hori_left_core_medium.h5,Navigate to the brown pot on the left
/home/billy/25-1kp/vla/ROS_action/basket_dataset_v2/episode_20260129_063755_basket_1box_hori_left_core_medium.h5,Navigate to the brown pot on the left
/home/billy/25-1kp/vla/ROS_action/basket_dataset_v2/episode_20260129_063834_basket_1box_hori_left_core_medium.h5,Navigate to the brown pot on the left
/home/billy/25-1kp/vla/ROS_action/basket_dataset_v2/episode_20260129_063905_basket_1box_hori_left_core_medium.h5,Navigate to the brown pot on the left
/home/billy/25-1kp/vla/ROS_action/basket_dataset_v2/episode_20260129_063934_basket_1box_hori_left_core_medium.h5,Navigate to the brown pot on the left
/home/billy/25-1kp/vla/ROS_action/basket_dataset_v2/episode_20260129_064444_basket_1box_hori_left_core_medium.h5,Navigate to the brown pot on the left
/home/billy/25-1kp/vla/ROS_action/basket_dataset_v2/episode_20260129_064534_basket_1box_hori_left_core_medium.h5,Navigate to the brown pot on the left
/home/billy/25-1kp/vla/ROS_action/basket_dataset_v2/episode_20260129_064638_basket_1box_hori_left_core_medium.h5,Navigate to the brown pot on the left
/home/billy/25-1kp/vla/ROS_action/basket_dataset_v2/episode_20260129_064714_basket_1box_hori_left_core_medium.h5,Navigate to the brown pot on the left
/home/billy/25-1kp/vla/ROS_action/basket_dataset_v2/episode_20260129_064800_basket_1box_hori_left_core_medium.h5,Navigate to the brown pot on the left
/home/billy/25-1kp/vla/ROS_action/basket_dataset_v2/episode_20260129_064834_basket_1box_hori_left_core_medium.h5,Navigate to the brown pot on the left
/home/billy/25-1kp/vla/ROS_action/basket_dataset_v2/episode_20260129_064901_basket_1box_hori_left_core_medium.h5,Navigate to the brown pot on the left
/home/billy/25-1kp/vla/ROS_action/basket_dataset_v2/episode_20260129_064942_basket_1box_hori_left_core_medium.h5,Navigate to the brown pot on the left
/home/billy/25-1kp/vla/ROS_action/basket_dataset_v2/episode_20260129_065016_basket_1box_hori_left_core_medium.h5,Navigate to the brown pot on the left
/home/billy/25-1kp/vla/ROS_action/basket_dataset_v2/episode_20260129_065044_basket_1box_hori_left_core_medium.h5,Navigate to the brown pot on the left
/home/billy/25-1kp/vla/ROS_action/basket_dataset_v2/episode_20260129_065114_basket_1box_hori_left_core_medium.h5,Navigate to the brown pot on the left
/home/billy/25-1kp/vla/ROS_action/basket_dataset_v2/episode_20260129_065142_basket_1box_hori_left_core_medium.h5,Navigate to the brown pot on the left
/home/billy/25-1kp/vla/ROS_action/basket_dataset_v2/episode_20260129_065213_basket_1box_hori_left_core_medium.h5,Navigate to the brown pot on the left
/home/billy/25-1kp/vla/ROS_action/basket_dataset_v2/episode_20260129_065240_basket_1box_hori_left_core_medium.h5,Navigate to the brown pot on the left
/home/billy/25-1kp/vla/ROS_action/basket_dataset_v2/episode_20260129_065308_basket_1box_hori_left_core_medium.h5,Navigate to the brown pot on the left
/home/billy/25-1kp/vla/ROS_action/basket_dataset_v2/episode_20260129_065345_basket_1box_hori_left_core_medium.h5,Navigate to the brown pot on the left
/home/billy/25-1kp/vla/ROS_action/basket_dataset_v2/episode_20260129_065416_basket_1box_hori_left_core_medium.h5,Navigate to the brown pot on the left
/home/billy/25-1kp/vla/ROS_action/basket_dataset_v2/episode_20260129_065454_basket_1box_hori_left_core_medium.h5,Navigate to the brown pot on the left
/home/billy/25-1kp/vla/ROS_action/basket_dataset_v2/episode_20260129_065522_basket_1box_hori_left_core_medium.h5,Navigate to the brown pot on the left
/home/billy/25-1kp/vla/ROS_action/basket_dataset_v2/episode_20260129_065553_basket_1box_hori_left_core_medium.h5,Navigate to the brown pot on the left
/home/billy/25-1kp/vla/ROS_action/basket_dataset_v2/episode_20260129_065621_basket_1box_hori_left_core_medium.h5,Navigate to the brown pot on the left
/home/billy/25-1kp/vla/ROS_action/basket_dataset_v2/episode_20260129_065650_basket_1box_hori_left_core_medium.h5,Navigate to the brown pot on the left
/home/billy/25-1kp/vla/ROS_action/basket_dataset_v2/episode_20260129_065723_basket_1box_hori_left_core_medium.h5,Navigate to the brown pot on the left
/home/billy/25-1kp/vla/ROS_action/basket_dataset_v2/episode_20260129_065752_basket_1box_hori_left_core_medium.h5,Navigate to the brown pot on the left
/home/billy/25-1kp/vla/ROS_action/basket_dataset_v2/episode_20260129_065821_basket_1box_hori_left_core_medium.h5,Navigate to the brown pot on the left
/home/billy/25-1kp/vla/ROS_action/basket_dataset_v2/episode_20260129_065848_basket_1box_hori_left_core_medium.h5,Navigate to the brown pot on the left
/home/billy/25-1kp/vla/ROS_action/basket_dataset_v2/episode_20260129_065917_basket_1box_hori_left_core_medium.h5,Navigate to the brown pot on the left
/home/billy/25-1kp/vla/ROS_action/basket_dataset_v2/episode_20260129_065946_basket_1box_hori_left_core_medium.h5,Navigate to the brown pot on the left
/home/billy/25-1kp/vla/ROS_action/basket_dataset_v2/episode_20260129_070016_basket_1box_hori_left_core_medium.h5,Navigate to the brown pot on the left
/home/billy/25-1kp/vla/ROS_action/basket_dataset_v2/episode_20260129_070044_basket_1box_hori_left_core_medium.h5,Navigate to the brown pot on the left
/home/billy/25-1kp/vla/ROS_action/basket_dataset_v2/episode_20260129_070112_basket_1box_hori_left_core_medium.h5,Navigate to the brown pot on the left
/home/billy/25-1kp/vla/ROS_action/basket_dataset_v2/episode_20260129_070217_basket_1box_hori_left_core_medium.h5,Navigate to the brown pot on the left
/home/billy/25-1kp/vla/ROS_action/basket_dataset_v2/episode_20260129_070249_basket_1box_hori_left_core_medium.h5,Navigate to the brown pot on the left
/home/billy/25-1kp/vla/ROS_action/basket_dataset_v2/episode_20260129_070315_basket_1box_hori_left_core_medium.h5,Navigate to the brown pot on the left
/home/billy/25-1kp/vla/ROS_action/basket_dataset_v2/episode_20260129_070358_basket_1box_hori_left_core_medium.h5,Navigate to the brown pot on the left
/home/billy/25-1kp/vla/ROS_action/basket_dataset_v2/episode_20260129_070515_basket_1box_hori_left_core_medium.h5,Navigate to the brown pot on the left
/home/billy/25-1kp/vla/ROS_action/basket_dataset_v2/episode_20260129_070541_basket_1box_hori_left_core_medium.h5,Navigate to the brown pot on the left
/home/billy/25-1kp/vla/ROS_action/basket_dataset_v2/episode_20260129_070610_basket_1box_hori_left_core_medium.h5,Navigate to the brown pot on the left
/home/billy/25-1kp/vla/ROS_action/basket_dataset_v2/episode_20260129_070647_basket_1box_hori_left_core_medium.h5,Navigate to the brown pot on the left
/home/billy/25-1kp/vla/ROS_action/basket_dataset_v2/episode_20260129_070721_basket_1box_hori_left_core_medium.h5,Navigate to the brown pot on the left
/home/billy/25-1kp/vla/ROS_action/basket_dataset_v2/episode_20260129_070750_basket_1box_hori_left_core_medium.h5,Navigate to the brown pot on the left
/home/billy/25-1kp/vla/ROS_action/basket_dataset_v2/episode_20260129_070818_basket_1box_hori_left_core_medium.h5,Navigate to the brown pot on the left
/home/billy/25-1kp/vla/ROS_action/basket_dataset_v2/episode_20260129_070846_basket_1box_hori_left_core_medium.h5,Navigate to the brown pot on the left
/home/billy/25-1kp/vla/ROS_action/basket_dataset_v2/episode_20260129_070916_basket_1box_hori_left_core_medium.h5,Navigate to the brown pot on the left
/home/billy/25-1kp/vla/ROS_action/basket_dataset_v2/episode_20260129_070944_basket_1box_hori_left_core_medium.h5,Navigate to the brown pot on the left
/home/billy/25-1kp/vla/ROS_action/basket_dataset_v2/episode_20260129_071012_basket_1box_hori_left_core_medium.h5,Navigate to the brown pot on the left
/home/billy/25-1kp/vla/ROS_action/basket_dataset_v2/episode_20260129_071041_basket_1box_hori_left_core_medium.h5,Navigate to the brown pot on the left
/home/billy/25-1kp/vla/ROS_action/basket_dataset_v2/episode_20260129_071115_basket_1box_hori_left_core_medium.h5,Navigate to the brown pot on the left
/home/billy/25-1kp/vla/ROS_action/basket_dataset_v2/episode_20260129_071143_basket_1box_hori_left_core_medium.h5,Navigate to the brown pot on the left
/home/billy/25-1kp/vla/ROS_action/basket_dataset_v2/episode_20260129_071214_basket_1box_hori_left_core_medium.h5,Navigate to the brown pot on the left
/home/billy/25-1kp/vla/ROS_action/basket_dataset_v2/episode_20260129_071243_basket_1box_hori_left_core_medium.h5,Navigate to the brown pot on the left
/home/billy/25-1kp/vla/ROS_action/basket_dataset_v2/episode_20260129_071314_basket_1box_hori_left_core_medium.h5,Navigate to the brown pot on the left
/home/billy/25-1kp/vla/ROS_action/basket_dataset_v2/episode_20260129_071342_basket_1box_hori_left_core_medium.h5,Navigate to the brown pot on the left
/home/billy/25-1kp/vla/ROS_action/basket_dataset_v2/episode_20260129_071418_basket_1box_hori_left_core_medium.h5,Navigate to the brown pot on the left
/home/billy/25-1kp/vla/ROS_action/basket_dataset_v2/episode_20260129_071447_basket_1box_hori_left_core_medium.h5,Navigate to the brown pot on the left
/home/billy/25-1kp/vla/ROS_action/basket_dataset_v2/episode_20260129_071520_basket_1box_hori_left_core_medium.h5,Navigate to the brown pot on the left
/home/billy/25-1kp/vla/ROS_action/basket_dataset_v2/episode_20260129_071558_basket_1box_hori_left_core_medium.h5,Navigate to the brown pot on the left
/home/billy/25-1kp/vla/ROS_action/basket_dataset_v2/episode_20260129_071625_basket_1box_hori_left_core_medium.h5,Navigate to the brown pot on the left
/home/billy/25-1kp/vla/ROS_action/basket_dataset_v2/episode_20260129_071656_basket_1box_hori_left_core_medium.h5,Navigate to the brown pot on the left
/home/billy/25-1kp/vla/ROS_action/basket_dataset_v2/episode_20260129_071725_basket_1box_hori_left_core_medium.h5,Navigate to the brown pot on the left
/home/billy/25-1kp/vla/ROS_action/basket_dataset_v2/episode_20260129_071806_basket_1box_hori_left_core_medium.h5,Navigate to the brown pot on the left
/home/billy/25-1kp/vla/ROS_action/basket_dataset_v2/episode_20260129_071839_basket_1box_hori_left_core_medium.h5,Navigate to the brown pot on the left
/home/billy/25-1kp/vla/ROS_action/basket_dataset_v2/episode_20260129_071925_basket_1box_hori_left_core_medium.h5,Navigate to the brown pot on the left
/home/billy/25-1kp/vla/ROS_action/basket_dataset_v2/episode_20260129_071953_basket_1box_hori_left_core_medium.h5,Navigate to the brown pot on the left
/home/billy/25-1kp/vla/ROS_action/basket_dataset_v2/episode_20260129_072029_basket_1box_hori_left_core_medium.h5,Navigate to the brown pot on the left
/home/billy/25-1kp/vla/ROS_action/basket_dataset_v2/episode_20260129_072100_basket_1box_hori_left_core_medium.h5,Navigate to the brown pot on the left
/home/billy/25-1kp/vla/ROS_action/basket_dataset_v2/episode_20260129_072127_basket_1box_hori_left_core_medium.h5,Navigate to the brown pot on the left
/home/billy/25-1kp/vla/ROS_action/basket_dataset_v2/episode_20260129_072212_basket_1box_hori_left_core_medium.h5,Navigate to the brown pot on the left
/home/billy/25-1kp/vla/ROS_action/basket_dataset_v2/episode_20260129_072240_basket_1box_hori_left_core_medium.h5,Navigate to the brown pot on the left
/home/billy/25-1kp/vla/ROS_action/basket_dataset_v2/episode_20260129_072314_basket_1box_hori_left_core_medium.h5,Navigate to the brown pot on the left
/home/billy/25-1kp/vla/ROS_action/basket_dataset_v2/episode_20260129_072345_basket_1box_hori_left_core_medium.h5,Navigate to the brown pot on the left
/home/billy/25-1kp/vla/ROS_action/basket_dataset_v2/episode_20260129_072419_basket_1box_hori_left_core_medium.h5,Navigate to the brown pot on the left
/home/billy/25-1kp/vla/ROS_action/basket_dataset_v2/episode_20260129_072448_basket_1box_hori_left_core_medium.h5,Navigate to the brown pot on the left
/home/billy/25-1kp/vla/ROS_action/basket_dataset_v2/episode_20260129_072519_basket_1box_hori_left_core_medium.h5,Navigate to the brown pot on the left
/home/billy/25-1kp/vla/ROS_action/basket_dataset_v2/episode_20260129_072552_basket_1box_hori_left_core_medium.h5,Navigate to the brown pot on the left
/home/billy/25-1kp/vla/ROS_action/basket_dataset_v2/episode_20260129_072626_basket_1box_hori_left_core_medium.h5,Navigate to the brown pot on the left
/home/billy/25-1kp/vla/ROS_action/basket_dataset_v2/episode_20260129_072701_basket_1box_hori_left_core_medium.h5,Navigate to the brown pot on the left
/home/billy/25-1kp/vla/ROS_action/basket_dataset_v2/episode_20260129_072734_basket_1box_hori_left_core_medium.h5,Navigate to the brown pot on the left
/home/billy/25-1kp/vla/ROS_action/basket_dataset_v2/episode_20260129_072808_basket_1box_hori_left_core_medium.h5,Navigate to the brown pot on the left
/home/billy/25-1kp/vla/ROS_action/basket_dataset_v2/episode_20260129_072836_basket_1box_hori_left_core_medium.h5,Navigate to the brown pot on the left
/home/billy/25-1kp/vla/ROS_action/basket_dataset_v2/episode_20260129_072907_basket_1box_hori_left_core_medium.h5,Navigate to the brown pot on the left
/home/billy/25-1kp/vla/ROS_action/basket_dataset_v2/episode_20260129_072936_basket_1box_hori_left_core_medium.h5,Navigate to the brown pot on the left
/home/billy/25-1kp/vla/ROS_action/basket_dataset_v2/episode_20260129_073006_basket_1box_hori_left_core_medium.h5,Navigate to the brown pot on the left
/home/billy/25-1kp/vla/ROS_action/basket_dataset_v2/episode_20260129_073035_basket_1box_hori_left_core_medium.h5,Navigate to the brown pot on the left
/home/billy/25-1kp/vla/ROS_action/basket_dataset_v2/episode_20260129_073103_basket_1box_hori_left_core_medium.h5,Navigate to the brown pot on the left
/home/billy/25-1kp/vla/ROS_action/basket_dataset_v2/episode_20260129_073134_basket_1box_hori_left_core_medium.h5,Navigate to the brown pot on the left
/home/billy/25-1kp/vla/ROS_action/basket_dataset_v2/episode_20260129_073234_basket_1box_hori_left_core_medium.h5,Navigate to the brown pot on the left
/home/billy/25-1kp/vla/ROS_action/basket_dataset_v2/episode_20260129_073315_basket_1box_hori_left_core_medium.h5,Navigate to the brown pot on the left
/home/billy/25-1kp/vla/ROS_action/basket_dataset_v2/episode_20260129_073344_basket_1box_hori_left_core_medium.h5,Navigate to the brown pot on the left
/home/billy/25-1kp/vla/ROS_action/basket_dataset_v2/episode_20260129_073415_basket_1box_hori_left_core_medium.h5,Navigate to the brown pot on the left
/home/billy/25-1kp/vla/ROS_action/basket_dataset_v2/episode_20260129_073444_basket_1box_hori_left_core_medium.h5,Navigate to the brown pot on the left
/home/billy/25-1kp/vla/ROS_action/basket_dataset_v2/episode_20260129_073515_basket_1box_hori_left_core_medium.h5,Navigate to the brown pot on the left
/home/billy/25-1kp/vla/ROS_action/basket_dataset_v2/episode_20260129_073551_basket_1box_hori_left_core_medium.h5,Navigate to the brown pot on the left
/home/billy/25-1kp/vla/ROS_action/basket_dataset_v2/episode_20260129_073620_basket_1box_hori_left_core_medium.h5,Navigate to the brown pot on the left
/home/billy/25-1kp/vla/ROS_action/basket_dataset_v2/episode_20260129_074251_basket_1box_hori_left_core_medium.h5,Navigate to the brown pot on the left
/home/billy/25-1kp/vla/ROS_action/basket_dataset_v2/episode_20260129_074323_basket_1box_hori_left_core_medium.h5,Navigate to the brown pot on the left
/home/billy/25-1kp/vla/ROS_action/basket_dataset_v2/episode_20260129_074353_basket_1box_hori_left_core_medium.h5,Navigate to the brown pot on the left
/home/billy/25-1kp/vla/ROS_action/basket_dataset_v2/episode_20260129_074420_basket_1box_hori_left_core_medium.h5,Navigate to the brown pot on the left
/home/billy/25-1kp/vla/ROS_action/basket_dataset_v2/episode_20260129_074448_basket_1box_hori_left_core_medium.h5,Navigate to the brown pot on the left
/home/billy/25-1kp/vla/ROS_action/basket_dataset_v2/episode_20260129_074525_basket_1box_hori_left_core_medium.h5,Navigate to the brown pot on the left
/home/billy/25-1kp/vla/ROS_action/basket_dataset_v2/episode_20260129_074621_basket_1box_hori_left_core_medium.h5,Navigate to the brown pot on the left
/home/billy/25-1kp/vla/ROS_action/basket_dataset_v2/episode_20260129_074655_basket_1box_hori_left_core_medium.h5,Navigate to the brown pot on the left
/home/billy/25-1kp/vla/ROS_action/basket_dataset_v2/episode_20260129_074725_basket_1box_hori_left_core_medium.h5,Navigate to the brown pot on the left
/home/billy/25-1kp/vla/ROS_action/basket_dataset_v2/episode_20260129_074756_basket_1box_hori_left_core_medium.h5,Navigate to the brown pot on the left
/home/billy/25-1kp/vla/ROS_action/basket_dataset_v2/episode_20260129_074826_basket_1box_hori_left_core_medium.h5,Navigate to the brown pot on the left
/home/billy/25-1kp/vla/ROS_action/basket_dataset_v2/episode_20260129_074854_basket_1box_hori_left_core_medium.h5,Navigate to the brown pot on the left
/home/billy/25-1kp/vla/ROS_action/basket_dataset_v2/episode_20260129_074926_basket_1box_hori_left_core_medium.h5,Navigate to the brown pot on the left
/home/billy/25-1kp/vla/ROS_action/basket_dataset_v2/episode_20260129_075051_basket_1box_hori_left_core_medium.h5,Navigate to the brown pot on the left
/home/billy/25-1kp/vla/ROS_action/basket_dataset_v2/episode_20260129_075127_basket_1box_hori_left_core_medium.h5,Navigate to the brown pot on the left
/home/billy/25-1kp/vla/ROS_action/basket_dataset_v2/episode_20260129_075212_basket_1box_hori_left_core_medium.h5,Navigate to the brown pot on the left
/home/billy/25-1kp/vla/ROS_action/basket_dataset_v2/episode_20260129_075249_basket_1box_hori_left_core_medium.h5,Navigate to the brown pot on the left
/home/billy/25-1kp/vla/ROS_action/basket_dataset_v2/episode_20260129_075345_basket_1box_hori_left_core_medium.h5,Navigate to the brown pot on the left
/home/billy/25-1kp/vla/ROS_action/basket_dataset_v2/episode_20260129_075412_basket_1box_hori_left_core_medium.h5,Navigate to the brown pot on the left
/home/billy/25-1kp/vla/ROS_action/basket_dataset_v2/episode_20260129_075441_basket_1box_hori_left_core_medium.h5,Navigate to the brown pot on the left
/home/billy/25-1kp/vla/ROS_action/basket_dataset_v2/episode_20260129_075510_basket_1box_hori_left_core_medium.h5,Navigate to the brown pot on the left
/home/billy/25-1kp/vla/ROS_action/basket_dataset_v2/episode_20260129_075540_basket_1box_hori_left_core_medium.h5,Navigate to the brown pot on the left
/home/billy/25-1kp/vla/ROS_action/basket_dataset_v2/episode_20260129_075700_basket_1box_hori_left_core_medium.h5,Navigate to the brown pot on the left
/home/billy/25-1kp/vla/ROS_action/basket_dataset_v2/episode_20260129_075729_basket_1box_hori_left_core_medium.h5,Navigate to the brown pot on the left
/home/billy/25-1kp/vla/ROS_action/basket_dataset_v2/episode_20260129_075805_basket_1box_hori_left_core_medium.h5,Navigate to the brown pot on the left
/home/billy/25-1kp/vla/ROS_action/basket_dataset_v2/episode_20260129_075836_basket_1box_hori_left_core_medium.h5,Navigate to the brown pot on the left
/home/billy/25-1kp/vla/ROS_action/basket_dataset_v2/episode_20260129_075916_basket_1box_hori_left_core_medium.h5,Navigate to the brown pot on the left
/home/billy/25-1kp/vla/ROS_action/basket_dataset_v2/episode_20260129_075948_basket_1box_hori_left_core_medium.h5,Navigate to the brown pot on the left
/home/billy/25-1kp/vla/ROS_action/basket_dataset_v2/episode_20260129_080021_basket_1box_hori_left_core_medium.h5,Navigate to the brown pot on the left
/home/billy/25-1kp/vla/ROS_action/basket_dataset_v2/episode_20260129_080052_basket_1box_hori_left_core_medium.h5,Navigate to the brown pot on the left
/home/billy/25-1kp/vla/ROS_action/basket_dataset_v2/episode_20260129_080120_basket_1box_hori_left_core_medium.h5,Navigate to the brown pot on the left
/home/billy/25-1kp/vla/ROS_action/basket_dataset_v2/episode_20260129_080149_basket_1box_hori_left_core_medium.h5,Navigate to the brown pot on the left
/home/billy/25-1kp/vla/ROS_action/basket_dataset_v2/episode_20260129_080220_basket_1box_hori_left_core_medium.h5,Navigate to the brown pot on the left
/home/billy/25-1kp/vla/ROS_action/basket_dataset_v2/episode_20260129_080249_basket_1box_hori_left_core_medium.h5,Navigate to the brown pot on the left
/home/billy/25-1kp/vla/ROS_action/basket_dataset_v2/episode_20260129_080336_basket_1box_hori_left_core_medium.h5,Navigate to the brown pot on the left
/home/billy/25-1kp/vla/ROS_action/basket_dataset_v2/episode_20260129_080406_basket_1box_hori_left_core_medium.h5,Navigate to the brown pot on the left
/home/billy/25-1kp/vla/ROS_action/basket_dataset_v2/episode_20260129_080435_basket_1box_hori_left_core_medium.h5,Navigate to the brown pot on the left
/home/billy/25-1kp/vla/ROS_action/basket_dataset_v2/episode_20260129_080500_basket_1box_hori_left_core_medium.h5,Navigate to the brown pot on the left
/home/billy/25-1kp/vla/ROS_action/basket_dataset_v2/episode_20260129_080604_basket_1box_hori_left_core_medium.h5,Navigate to the brown pot on the left
/home/billy/25-1kp/vla/ROS_action/basket_dataset_v2/episode_20260129_080656_basket_1box_hori_left_core_medium.h5,Navigate to the brown pot on the left
/home/billy/25-1kp/vla/ROS_action/basket_dataset_v2/episode_20260129_080732_basket_1box_hori_left_core_medium.h5,Navigate to the brown pot on the left
/home/billy/25-1kp/vla/ROS_action/basket_dataset_v2/episode_20260129_080806_basket_1box_hori_left_core_medium.h5,Navigate to the brown pot on the left
/home/billy/25-1kp/vla/ROS_action/basket_dataset_v2/episode_20260129_080835_basket_1box_hori_left_core_medium.h5,Navigate to the brown pot on the left
/home/billy/25-1kp/vla/ROS_action/basket_dataset_v2/episode_20260129_080904_basket_1box_hori_left_core_medium.h5,Navigate to the brown pot on the left
/home/billy/25-1kp/vla/ROS_action/basket_dataset_v2/episode_20260129_080940_basket_1box_hori_left_core_medium.h5,Navigate to the brown pot on the left
/home/billy/25-1kp/vla/ROS_action/basket_dataset_v2/episode_20260129_081010_basket_1box_hori_left_core_medium.h5,Navigate to the brown pot on the left
/home/billy/25-1kp/vla/ROS_action/basket_dataset_v2/episode_20260129_081038_basket_1box_hori_left_core_medium.h5,Navigate to the brown pot on the left
/home/billy/25-1kp/vla/ROS_action/basket_dataset_v2/episode_20260129_081118_basket_1box_hori_left_core_medium.h5,Navigate to the brown pot on the left
/home/billy/25-1kp/vla/ROS_action/basket_dataset_v2/episode_20260129_081230_basket_1box_hori_left_core_medium.h5,Navigate to the brown pot on the left
/home/billy/25-1kp/vla/ROS_action/basket_dataset_v2/episode_20260129_081305_basket_1box_hori_left_core_medium.h5,Navigate to the brown pot on the left
/home/billy/25-1kp/vla/ROS_action/basket_dataset_v2/episode_20260129_081337_basket_1box_hori_left_core_medium.h5,Navigate to the brown pot on the left
/home/billy/25-1kp/vla/ROS_action/basket_dataset_v2/episode_20260129_081407_basket_1box_hori_left_core_medium.h5,Navigate to the brown pot on the left
/home/billy/25-1kp/vla/ROS_action/basket_dataset_v2/episode_20260129_081449_basket_1box_hori_left_core_medium.h5,Navigate to the brown pot on the left
/home/billy/25-1kp/vla/ROS_action/basket_dataset_v2/episode_20260129_081522_basket_1box_hori_left_core_medium.h5,Navigate to the brown pot on the left
/home/billy/25-1kp/vla/ROS_action/basket_dataset_v2/episode_20260129_081601_basket_1box_hori_left_core_medium.h5,Navigate to the brown pot on the left
/home/billy/25-1kp/vla/ROS_action/basket_dataset_v2/episode_20260129_081638_basket_1box_hori_left_core_medium.h5,Navigate to the brown pot on the left
/home/billy/25-1kp/vla/ROS_action/basket_dataset_v2/episode_20260129_081711_basket_1box_hori_left_core_medium.h5,Navigate to the brown pot on the left
/home/billy/25-1kp/vla/ROS_action/basket_dataset_v2/episode_20260129_081743_basket_1box_hori_left_core_medium.h5,Navigate to the brown pot on the left
/home/billy/25-1kp/vla/ROS_action/basket_dataset_v2/episode_20260129_081822_basket_1box_hori_left_core_medium.h5,Navigate to the brown pot on the left
/home/billy/25-1kp/vla/ROS_action/basket_dataset_v2/episode_20260129_081855_basket_1box_hori_left_core_medium.h5,Navigate to the brown pot on the left
/home/billy/25-1kp/vla/ROS_action/basket_dataset_v2/episode_20260129_081928_basket_1box_hori_left_core_medium.h5,Navigate to the brown pot on the left
/home/billy/25-1kp/vla/ROS_action/basket_dataset_v2/episode_20260129_082004_basket_1box_hori_left_core_medium.h5,Navigate to the brown pot on the left
/home/billy/25-1kp/vla/ROS_action/basket_dataset_v2/episode_20260129_082034_basket_1box_hori_left_core_medium.h5,Navigate to the brown pot on the left
/home/billy/25-1kp/vla/ROS_action/basket_dataset_v2/episode_20260129_082102_basket_1box_hori_left_core_medium.h5,Navigate to the brown pot on the left
/home/billy/25-1kp/vla/ROS_action/basket_dataset_v2/episode_20260129_082129_basket_1box_hori_left_core_medium.h5,Navigate to the brown pot on the left
/home/billy/25-1kp/vla/ROS_action/basket_dataset_v2/episode_20260129_082156_basket_1box_hori_left_core_medium.h5,Navigate to the brown pot on the left
/home/billy/25-1kp/vla/ROS_action/basket_dataset_v2/episode_20260129_082238_basket_1box_hori_left_core_medium.h5,Navigate to the brown pot on the left
/home/billy/25-1kp/vla/ROS_action/basket_dataset_v2/episode_20260129_082307_basket_1box_hori_left_core_medium.h5,Navigate to the brown pot on the left
/home/billy/25-1kp/vla/ROS_action/basket_dataset_v2/episode_20260129_082335_basket_1box_hori_left_core_medium.h5,Navigate to the brown pot on the left
/home/billy/25-1kp/vla/ROS_action/basket_dataset_v2/episode_20260129_082405_basket_1box_hori_left_core_medium.h5,Navigate to the brown pot on the left
/home/billy/25-1kp/vla/ROS_action/basket_dataset_v2/episode_20260129_082433_basket_1box_hori_left_core_medium.h5,Navigate to the brown pot on the left
/home/billy/25-1kp/vla/ROS_action/basket_dataset_v2/episode_20260129_082500_basket_1box_hori_left_core_medium.h5,Navigate to the brown pot on the left
/home/billy/25-1kp/vla/ROS_action/basket_dataset_v2/episode_20260129_082529_basket_1box_hori_left_core_medium.h5,Navigate to the brown pot on the left
/home/billy/25-1kp/vla/ROS_action/basket_dataset_v2/episode_20260129_082556_basket_1box_hori_left_core_medium.h5,Navigate to the brown pot on the left
/home/billy/25-1kp/vla/ROS_action/basket_dataset_v2/episode_20260129_082622_basket_1box_hori_left_core_medium.h5,Navigate to the brown pot on the left
/home/billy/25-1kp/vla/ROS_action/basket_dataset_v2/episode_20260129_082657_basket_1box_hori_left_core_medium.h5,Navigate to the brown pot on the left
/home/billy/25-1kp/vla/ROS_action/basket_dataset_v2/episode_20260129_082729_basket_1box_hori_left_core_medium.h5,Navigate to the brown pot on the left
/home/billy/25-1kp/vla/ROS_action/basket_dataset_v2/episode_20260129_082758_basket_1box_hori_left_core_medium.h5,Navigate to the brown pot on the left
/home/billy/25-1kp/vla/ROS_action/basket_dataset_v2/episode_20260129_082839_basket_1box_hori_left_core_medium.h5,Navigate to the brown pot on the left
/home/billy/25-1kp/vla/ROS_action/basket_dataset_v2/episode_20260129_082911_basket_1box_hori_left_core_medium.h5,Navigate to the brown pot on the left
/home/billy/25-1kp/vla/ROS_action/basket_dataset_v2/episode_20260129_082954_basket_1box_hori_left_core_medium.h5,Navigate to the brown pot on the left
/home/billy/25-1kp/vla/ROS_action/basket_dataset_v2/episode_20260129_083022_basket_1box_hori_left_core_medium.h5,Navigate to the brown pot on the left
/home/billy/25-1kp/vla/ROS_action/basket_dataset_v2/episode_20260129_083049_basket_1box_hori_left_core_medium.h5,Navigate to the brown pot on the left
/home/billy/25-1kp/vla/ROS_action/basket_dataset_v2/episode_20260129_083118_basket_1box_hori_left_core_medium.h5,Navigate to the brown pot on the left
/home/billy/25-1kp/vla/ROS_action/basket_dataset_v2/episode_20260129_083147_basket_1box_hori_left_core_medium.h5,Navigate to the brown pot on the left
/home/billy/25-1kp/vla/ROS_action/basket_dataset_v2/episode_20260129_083221_basket_1box_hori_left_core_medium.h5,Navigate to the brown pot on the left
/home/billy/25-1kp/vla/ROS_action/basket_dataset_v2/episode_20260129_083256_basket_1box_hori_left_core_medium.h5,Navigate to the brown pot on the left
/home/billy/25-1kp/vla/ROS_action/basket_dataset_v2/episode_20260129_083324_basket_1box_hori_left_core_medium.h5,Navigate to the brown pot on the left
/home/billy/25-1kp/vla/ROS_action/basket_dataset_v2/episode_20260129_083352_basket_1box_hori_left_core_medium.h5,Navigate to the brown pot on the left
/home/billy/25-1kp/vla/ROS_action/basket_dataset_v2/episode_20260129_083421_basket_1box_hori_left_core_medium.h5,Navigate to the brown pot on the left
/home/billy/25-1kp/vla/ROS_action/basket_dataset_v2/episode_20260129_083448_basket_1box_hori_left_core_medium.h5,Navigate to the brown pot on the left
/home/billy/25-1kp/vla/ROS_action/basket_dataset_v2/episode_20260129_083515_basket_1box_hori_left_core_medium.h5,Navigate to the brown pot on the left
/home/billy/25-1kp/vla/ROS_action/basket_dataset_v2/episode_20260129_083545_basket_1box_hori_left_core_medium.h5,Navigate to the brown pot on the left
/home/billy/25-1kp/vla/ROS_action/basket_dataset_v2/episode_20260129_083613_basket_1box_hori_left_core_medium.h5,Navigate to the brown pot on the left
/home/billy/25-1kp/vla/ROS_action/basket_dataset_v2/episode_20260129_083707_basket_1box_hori_left_core_medium.h5,Navigate to the brown pot on the left
/home/billy/25-1kp/vla/ROS_action/basket_dataset_v2/episode_20260129_083733_basket_1box_hori_left_core_medium.h5,Navigate to the brown pot on the left
/home/billy/25-1kp/vla/ROS_action/basket_dataset_v2/episode_20260129_083801_basket_1box_hori_left_core_medium.h5,Navigate to the brown pot on the left
/home/billy/25-1kp/vla/ROS_action/basket_dataset_v2/episode_20260129_083828_basket_1box_hori_left_core_medium.h5,Navigate to the brown pot on the left
/home/billy/25-1kp/vla/ROS_action/basket_dataset_v2/episode_20260129_083858_basket_1box_hori_left_core_medium.h5,Navigate to the brown pot on the left
/home/billy/25-1kp/vla/ROS_action/basket_dataset_v2/episode_20260129_083926_basket_1box_hori_left_core_medium.h5,Navigate to the brown pot on the left
/home/billy/25-1kp/vla/ROS_action/basket_dataset_v2/episode_20260129_090234_basket_1box_hori_right_core_medium.h5,Navigate to the brown pot on the right
/home/billy/25-1kp/vla/ROS_action/basket_dataset_v2/episode_20260129_090315_basket_1box_hori_right_core_medium.h5,Navigate to the brown pot on the right
/home/billy/25-1kp/vla/ROS_action/basket_dataset_v2/episode_20260129_090351_basket_1box_hori_right_core_medium.h5,Navigate to the brown pot on the right
/home/billy/25-1kp/vla/ROS_action/basket_dataset_v2/episode_20260129_103543_basket_1box_hori_right_core_medium.h5,Navigate to the brown pot on the right
/home/billy/25-1kp/vla/ROS_action/basket_dataset_v2/episode_20260129_103616_basket_1box_hori_right_core_medium.h5,Navigate to the brown pot on the right
/home/billy/25-1kp/vla/ROS_action/basket_dataset_v2/episode_20260129_103648_basket_1box_hori_right_core_medium.h5,Navigate to the brown pot on the right
/home/billy/25-1kp/vla/ROS_action/basket_dataset_v2/episode_20260129_103751_basket_1box_hori_right_core_medium.h5,Navigate to the brown pot on the right
/home/billy/25-1kp/vla/ROS_action/basket_dataset_v2/episode_20260129_103831_basket_1box_hori_right_core_medium.h5,Navigate to the brown pot on the right
/home/billy/25-1kp/vla/ROS_action/basket_dataset_v2/episode_20260129_103911_basket_1box_hori_right_core_medium.h5,Navigate to the brown pot on the right
/home/billy/25-1kp/vla/ROS_action/basket_dataset_v2/episode_20260129_103950_basket_1box_hori_right_core_medium.h5,Navigate to the brown pot on the right
/home/billy/25-1kp/vla/ROS_action/basket_dataset_v2/episode_20260129_104053_basket_1box_hori_right_core_medium.h5,Navigate to the brown pot on the right
/home/billy/25-1kp/vla/ROS_action/basket_dataset_v2/episode_20260129_104123_basket_1box_hori_right_core_medium.h5,Navigate to the brown pot on the right
/home/billy/25-1kp/vla/ROS_action/basket_dataset_v2/episode_20260129_104152_basket_1box_hori_right_core_medium.h5,Navigate to the brown pot on the right
/home/billy/25-1kp/vla/ROS_action/basket_dataset_v2/episode_20260129_104221_basket_1box_hori_right_core_medium.h5,Navigate to the brown pot on the right
/home/billy/25-1kp/vla/ROS_action/basket_dataset_v2/episode_20260129_104249_basket_1box_hori_right_core_medium.h5,Navigate to the brown pot on the right
/home/billy/25-1kp/vla/ROS_action/basket_dataset_v2/episode_20260129_104339_basket_1box_hori_right_core_medium.h5,Navigate to the brown pot on the right
/home/billy/25-1kp/vla/ROS_action/basket_dataset_v2/episode_20260129_104427_basket_1box_hori_right_core_medium.h5,Navigate to the brown pot on the right
/home/billy/25-1kp/vla/ROS_action/basket_dataset_v2/episode_20260129_104507_basket_1box_hori_right_core_medium.h5,Navigate to the brown pot on the right
/home/billy/25-1kp/vla/ROS_action/basket_dataset_v2/episode_20260129_104536_basket_1box_hori_right_core_medium.h5,Navigate to the brown pot on the right
/home/billy/25-1kp/vla/ROS_action/basket_dataset_v2/episode_20260129_104607_basket_1box_hori_right_core_medium.h5,Navigate to the brown pot on the right
/home/billy/25-1kp/vla/ROS_action/basket_dataset_v2/episode_20260129_104634_basket_1box_hori_right_core_medium.h5,Navigate to the brown pot on the right
/home/billy/25-1kp/vla/ROS_action/basket_dataset_v2/episode_20260129_104802_basket_1box_hori_right_core_medium.h5,Navigate to the brown pot on the right
/home/billy/25-1kp/vla/ROS_action/basket_dataset_v2/episode_20260129_104846_basket_1box_hori_right_core_medium.h5,Navigate to the brown pot on the right
/home/billy/25-1kp/vla/ROS_action/basket_dataset_v2/episode_20260129_104915_basket_1box_hori_right_core_medium.h5,Navigate to the brown pot on the right
/home/billy/25-1kp/vla/ROS_action/basket_dataset_v2/episode_20260129_104943_basket_1box_hori_right_core_medium.h5,Navigate to the brown pot on the right
/home/billy/25-1kp/vla/ROS_action/basket_dataset_v2/episode_20260129_105013_basket_1box_hori_right_core_medium.h5,Navigate to the brown pot on the right
/home/billy/25-1kp/vla/ROS_action/basket_dataset_v2/episode_20260129_105040_basket_1box_hori_right_core_medium.h5,Navigate to the brown pot on the right
/home/billy/25-1kp/vla/ROS_action/basket_dataset_v2/episode_20260129_105111_basket_1box_hori_right_core_medium.h5,Navigate to the brown pot on the right
/home/billy/25-1kp/vla/ROS_action/basket_dataset_v2/episode_20260129_105140_basket_1box_hori_right_core_medium.h5,Navigate to the brown pot on the right
/home/billy/25-1kp/vla/ROS_action/basket_dataset_v2/episode_20260129_105207_basket_1box_hori_right_core_medium.h5,Navigate to the brown pot on the right
/home/billy/25-1kp/vla/ROS_action/basket_dataset_v2/episode_20260129_105239_basket_1box_hori_right_core_medium.h5,Navigate to the brown pot on the right
/home/billy/25-1kp/vla/ROS_action/basket_dataset_v2/episode_20260129_105306_basket_1box_hori_right_core_medium.h5,Navigate to the brown pot on the right
/home/billy/25-1kp/vla/ROS_action/basket_dataset_v2/episode_20260129_105334_basket_1box_hori_right_core_medium.h5,Navigate to the brown pot on the right
/home/billy/25-1kp/vla/ROS_action/basket_dataset_v2/episode_20260129_105400_basket_1box_hori_right_core_medium.h5,Navigate to the brown pot on the right
/home/billy/25-1kp/vla/ROS_action/basket_dataset_v2/episode_20260129_105438_basket_1box_hori_right_core_medium.h5,Navigate to the brown pot on the right
/home/billy/25-1kp/vla/ROS_action/basket_dataset_v2/episode_20260129_105517_basket_1box_hori_right_core_medium.h5,Navigate to the brown pot on the right
/home/billy/25-1kp/vla/ROS_action/basket_dataset_v2/episode_20260129_105544_basket_1box_hori_right_core_medium.h5,Navigate to the brown pot on the right
/home/billy/25-1kp/vla/ROS_action/basket_dataset_v2/episode_20260129_105616_basket_1box_hori_right_core_medium.h5,Navigate to the brown pot on the right
/home/billy/25-1kp/vla/ROS_action/basket_dataset_v2/episode_20260129_105643_basket_1box_hori_right_core_medium.h5,Navigate to the brown pot on the right
/home/billy/25-1kp/vla/ROS_action/basket_dataset_v2/episode_20260129_105715_basket_1box_hori_right_core_medium.h5,Navigate to the brown pot on the right
/home/billy/25-1kp/vla/ROS_action/basket_dataset_v2/episode_20260129_105742_basket_1box_hori_right_core_medium.h5,Navigate to the brown pot on the right
/home/billy/25-1kp/vla/ROS_action/basket_dataset_v2/episode_20260129_105810_basket_1box_hori_right_core_medium.h5,Navigate to the brown pot on the right
/home/billy/25-1kp/vla/ROS_action/basket_dataset_v2/episode_20260129_105842_basket_1box_hori_right_core_medium.h5,Navigate to the brown pot on the right
/home/billy/25-1kp/vla/ROS_action/basket_dataset_v2/episode_20260129_105912_basket_1box_hori_right_core_medium.h5,Navigate to the brown pot on the right
/home/billy/25-1kp/vla/ROS_action/basket_dataset_v2/episode_20260129_105943_basket_1box_hori_right_core_medium.h5,Navigate to the brown pot on the right
/home/billy/25-1kp/vla/ROS_action/basket_dataset_v2/episode_20260129_110009_basket_1box_hori_right_core_medium.h5,Navigate to the brown pot on the right
/home/billy/25-1kp/vla/ROS_action/basket_dataset_v2/episode_20260129_110038_basket_1box_hori_right_core_medium.h5,Navigate to the brown pot on the right
/home/billy/25-1kp/vla/ROS_action/basket_dataset_v2/episode_20260129_110401_basket_1box_hori_right_core_medium.h5,Navigate to the brown pot on the right
/home/billy/25-1kp/vla/ROS_action/basket_dataset_v2/episode_20260129_110433_basket_1box_hori_right_core_medium.h5,Navigate to the brown pot on the right
/home/billy/25-1kp/vla/ROS_action/basket_dataset_v2/episode_20260129_110459_basket_1box_hori_right_core_medium.h5,Navigate to the brown pot on the right
/home/billy/25-1kp/vla/ROS_action/basket_dataset_v2/episode_20260129_110527_basket_1box_hori_right_core_medium.h5,Navigate to the brown pot on the right
/home/billy/25-1kp/vla/ROS_action/basket_dataset_v2/episode_20260129_110555_basket_1box_hori_right_core_medium.h5,Navigate to the brown pot on the right
/home/billy/25-1kp/vla/ROS_action/basket_dataset_v2/episode_20260129_110622_basket_1box_hori_right_core_medium.h5,Navigate to the brown pot on the right
/home/billy/25-1kp/vla/ROS_action/basket_dataset_v2/episode_20260129_110649_basket_1box_hori_right_core_medium.h5,Navigate to the brown pot on the right
/home/billy/25-1kp/vla/ROS_action/basket_dataset_v2/episode_20260129_110718_basket_1box_hori_right_core_medium.h5,Navigate to the brown pot on the right
/home/billy/25-1kp/vla/ROS_action/basket_dataset_v2/episode_20260129_110804_basket_1box_hori_right_core_medium.h5,Navigate to the brown pot on the right
/home/billy/25-1kp/vla/ROS_action/basket_dataset_v2/episode_20260129_110830_basket_1box_hori_right_core_medium.h5,Navigate to the brown pot on the right
/home/billy/25-1kp/vla/ROS_action/basket_dataset_v2/episode_20260129_110903_basket_1box_hori_right_core_medium.h5,Navigate to the brown pot on the right
/home/billy/25-1kp/vla/ROS_action/basket_dataset_v2/episode_20260129_110931_basket_1box_hori_right_core_medium.h5,Navigate to the brown pot on the right
/home/billy/25-1kp/vla/ROS_action/basket_dataset_v2/episode_20260129_110958_basket_1box_hori_right_core_medium.h5,Navigate to the brown pot on the right
/home/billy/25-1kp/vla/ROS_action/basket_dataset_v2/episode_20260129_111032_basket_1box_hori_right_core_medium.h5,Navigate to the brown pot on the right
/home/billy/25-1kp/vla/ROS_action/basket_dataset_v2/episode_20260129_111102_basket_1box_hori_right_core_medium.h5,Navigate to the brown pot on the right
/home/billy/25-1kp/vla/ROS_action/basket_dataset_v2/episode_20260129_111131_basket_1box_hori_right_core_medium.h5,Navigate to the brown pot on the right
/home/billy/25-1kp/vla/ROS_action/basket_dataset_v2/episode_20260129_111221_basket_1box_hori_right_core_medium.h5,Navigate to the brown pot on the right
/home/billy/25-1kp/vla/ROS_action/basket_dataset_v2/episode_20260129_111257_basket_1box_hori_right_core_medium.h5,Navigate to the brown pot on the right
/home/billy/25-1kp/vla/ROS_action/basket_dataset_v2/episode_20260129_111329_basket_1box_hori_right_core_medium.h5,Navigate to the brown pot on the right
/home/billy/25-1kp/vla/ROS_action/basket_dataset_v2/episode_20260129_111356_basket_1box_hori_right_core_medium.h5,Navigate to the brown pot on the right
/home/billy/25-1kp/vla/ROS_action/basket_dataset_v2/episode_20260129_111423_basket_1box_hori_right_core_medium.h5,Navigate to the brown pot on the right
/home/billy/25-1kp/vla/ROS_action/basket_dataset_v2/episode_20260129_111501_basket_1box_hori_right_core_medium.h5,Navigate to the brown pot on the right
/home/billy/25-1kp/vla/ROS_action/basket_dataset_v2/episode_20260129_111530_basket_1box_hori_right_core_medium.h5,Navigate to the brown pot on the right
/home/billy/25-1kp/vla/ROS_action/basket_dataset_v2/episode_20260129_111558_basket_1box_hori_right_core_medium.h5,Navigate to the brown pot on the right
/home/billy/25-1kp/vla/ROS_action/basket_dataset_v2/episode_20260129_112836_basket_1box_hori_right_core_medium.h5,Navigate to the brown pot on the right
/home/billy/25-1kp/vla/ROS_action/basket_dataset_v2/episode_20260129_112931_basket_1box_hori_right_core_medium.h5,Navigate to the brown pot on the right
/home/billy/25-1kp/vla/ROS_action/basket_dataset_v2/episode_20260129_112958_basket_1box_hori_right_core_medium.h5,Navigate to the brown pot on the right
/home/billy/25-1kp/vla/ROS_action/basket_dataset_v2/episode_20260129_113025_basket_1box_hori_right_core_medium.h5,Navigate to the brown pot on the right
/home/billy/25-1kp/vla/ROS_action/basket_dataset_v2/episode_20260129_113052_basket_1box_hori_right_core_medium.h5,Navigate to the brown pot on the right
/home/billy/25-1kp/vla/ROS_action/basket_dataset_v2/episode_20260129_113123_basket_1box_hori_right_core_medium.h5,Navigate to the brown pot on the right
/home/billy/25-1kp/vla/ROS_action/basket_dataset_v2/episode_20260129_113152_basket_1box_hori_right_core_medium.h5,Navigate to the brown pot on the right
/home/billy/25-1kp/vla/ROS_action/basket_dataset_v2/episode_20260129_113223_basket_1box_hori_right_core_medium.h5,Navigate to the brown pot on the right
/home/billy/25-1kp/vla/ROS_action/basket_dataset_v2/episode_20260129_113317_basket_1box_hori_right_core_medium.h5,Navigate to the brown pot on the right
/home/billy/25-1kp/vla/ROS_action/basket_dataset_v2/episode_20260129_113345_basket_1box_hori_right_core_medium.h5,Navigate to the brown pot on the right
/home/billy/25-1kp/vla/ROS_action/basket_dataset_v2/episode_20260129_113423_basket_1box_hori_right_core_medium.h5,Navigate to the brown pot on the right
/home/billy/25-1kp/vla/ROS_action/basket_dataset_v2/episode_20260129_113507_basket_1box_hori_right_core_medium.h5,Navigate to the brown pot on the right
/home/billy/25-1kp/vla/ROS_action/basket_dataset_v2/episode_20260129_113533_basket_1box_hori_right_core_medium.h5,Navigate to the brown pot on the right
/home/billy/25-1kp/vla/ROS_action/basket_dataset_v2/episode_20260129_113606_basket_1box_hori_right_core_medium.h5,Navigate to the brown pot on the right
/home/billy/25-1kp/vla/ROS_action/basket_dataset_v2/episode_20260129_113640_basket_1box_hori_right_core_medium.h5,Navigate to the brown pot on the right
/home/billy/25-1kp/vla/ROS_action/basket_dataset_v2/episode_20260129_113713_basket_1box_hori_right_core_medium.h5,Navigate to the brown pot on the right
/home/billy/25-1kp/vla/ROS_action/basket_dataset_v2/episode_20260129_113744_basket_1box_hori_right_core_medium.h5,Navigate to the brown pot on the right
/home/billy/25-1kp/vla/ROS_action/basket_dataset_v2/episode_20260129_113830_basket_1box_hori_right_core_medium.h5,Navigate to the brown pot on the right
/home/billy/25-1kp/vla/ROS_action/basket_dataset_v2/episode_20260129_113914_basket_1box_hori_right_core_medium.h5,Navigate to the brown pot on the right
/home/billy/25-1kp/vla/ROS_action/basket_dataset_v2/episode_20260129_113945_basket_1box_hori_right_core_medium.h5,Navigate to the brown pot on the right
/home/billy/25-1kp/vla/ROS_action/basket_dataset_v2/episode_20260129_114018_basket_1box_hori_right_core_medium.h5,Navigate to the brown pot on the right
/home/billy/25-1kp/vla/ROS_action/basket_dataset_v2/episode_20260129_114052_basket_1box_hori_right_core_medium.h5,Navigate to the brown pot on the right
/home/billy/25-1kp/vla/ROS_action/basket_dataset_v2/episode_20260129_114133_basket_1box_hori_right_core_medium.h5,Navigate to the brown pot on the right
/home/billy/25-1kp/vla/ROS_action/basket_dataset_v2/episode_20260129_114208_basket_1box_hori_right_core_medium.h5,Navigate to the brown pot on the right
/home/billy/25-1kp/vla/ROS_action/basket_dataset_v2/episode_20260129_114247_basket_1box_hori_right_core_medium.h5,Navigate to the brown pot on the right
/home/billy/25-1kp/vla/ROS_action/basket_dataset_v2/episode_20260129_114329_basket_1box_hori_right_core_medium.h5,Navigate to the brown pot on the right
/home/billy/25-1kp/vla/ROS_action/basket_dataset_v2/episode_20260129_114402_basket_1box_hori_right_core_medium.h5,Navigate to the brown pot on the right
/home/billy/25-1kp/vla/ROS_action/basket_dataset_v2/episode_20260129_114428_basket_1box_hori_right_core_medium.h5,Navigate to the brown pot on the right
/home/billy/25-1kp/vla/ROS_action/basket_dataset_v2/episode_20260129_114455_basket_1box_hori_right_core_medium.h5,Navigate to the brown pot on the right
/home/billy/25-1kp/vla/ROS_action/basket_dataset_v2/episode_20260129_114529_basket_1box_hori_right_core_medium.h5,Navigate to the brown pot on the right
/home/billy/25-1kp/vla/ROS_action/basket_dataset_v2/episode_20260129_114557_basket_1box_hori_right_core_medium.h5,Navigate to the brown pot on the right
/home/billy/25-1kp/vla/ROS_action/basket_dataset_v2/episode_20260129_114643_basket_1box_hori_right_core_medium.h5,Navigate to the brown pot on the right
/home/billy/25-1kp/vla/ROS_action/basket_dataset_v2/episode_20260129_114707_basket_1box_hori_right_core_medium.h5,Navigate to the brown pot on the right
/home/billy/25-1kp/vla/ROS_action/basket_dataset_v2/episode_20260129_114735_basket_1box_hori_right_core_medium.h5,Navigate to the brown pot on the right
/home/billy/25-1kp/vla/ROS_action/basket_dataset_v2/episode_20260129_114837_basket_1box_hori_right_core_medium.h5,Navigate to the brown pot on the right
/home/billy/25-1kp/vla/ROS_action/basket_dataset_v2/episode_20260129_114906_basket_1box_hori_right_core_medium.h5,Navigate to the brown pot on the right
/home/billy/25-1kp/vla/ROS_action/basket_dataset_v2/episode_20260129_114945_basket_1box_hori_right_core_medium.h5,Navigate to the brown pot on the right
/home/billy/25-1kp/vla/ROS_action/basket_dataset_v2/episode_20260129_115017_basket_1box_hori_right_core_medium.h5,Navigate to the brown pot on the right
/home/billy/25-1kp/vla/ROS_action/basket_dataset_v2/episode_20260129_115047_basket_1box_hori_right_core_medium.h5,Navigate to the brown pot on the right
/home/billy/25-1kp/vla/ROS_action/basket_dataset_v2/episode_20260129_115115_basket_1box_hori_right_core_medium.h5,Navigate to the brown pot on the right
/home/billy/25-1kp/vla/ROS_action/basket_dataset_v2/episode_20260129_115144_basket_1box_hori_right_core_medium.h5,Navigate to the brown pot on the right
/home/billy/25-1kp/vla/ROS_action/basket_dataset_v2/episode_20260129_115213_basket_1box_hori_right_core_medium.h5,Navigate to the brown pot on the right
/home/billy/25-1kp/vla/ROS_action/basket_dataset_v2/episode_20260129_115241_basket_1box_hori_right_core_medium.h5,Navigate to the brown pot on the right
/home/billy/25-1kp/vla/ROS_action/basket_dataset_v2/episode_20260129_115318_basket_1box_hori_right_core_medium.h5,Navigate to the brown pot on the right
/home/billy/25-1kp/vla/ROS_action/basket_dataset_v2/episode_20260129_115350_basket_1box_hori_right_core_medium.h5,Navigate to the brown pot on the right
/home/billy/25-1kp/vla/ROS_action/basket_dataset_v2/episode_20260129_115419_basket_1box_hori_right_core_medium.h5,Navigate to the brown pot on the right
/home/billy/25-1kp/vla/ROS_action/basket_dataset_v2/episode_20260129_115444_basket_1box_hori_right_core_medium.h5,Navigate to the brown pot on the right
/home/billy/25-1kp/vla/ROS_action/basket_dataset_v2/episode_20260129_115516_basket_1box_hori_right_core_medium.h5,Navigate to the brown pot on the right
/home/billy/25-1kp/vla/ROS_action/basket_dataset_v2/episode_20260129_115541_basket_1box_hori_right_core_medium.h5,Navigate to the brown pot on the right
/home/billy/25-1kp/vla/ROS_action/basket_dataset_v2/episode_20260129_115610_basket_1box_hori_right_core_medium.h5,Navigate to the brown pot on the right
/home/billy/25-1kp/vla/ROS_action/basket_dataset_v2/episode_20260129_115638_basket_1box_hori_right_core_medium.h5,Navigate to the brown pot on the right
/home/billy/25-1kp/vla/ROS_action/basket_dataset_v2/episode_20260129_115708_basket_1box_hori_right_core_medium.h5,Navigate to the brown pot on the right
/home/billy/25-1kp/vla/ROS_action/basket_dataset_v2/episode_20260129_120240_basket_1box_hori_right_core_medium.h5,Navigate to the brown pot on the right
/home/billy/25-1kp/vla/ROS_action/basket_dataset_v2/episode_20260129_120308_basket_1box_hori_right_core_medium.h5,Navigate to the brown pot on the right
/home/billy/25-1kp/vla/ROS_action/basket_dataset_v2/episode_20260129_120335_basket_1box_hori_right_core_medium.h5,Navigate to the brown pot on the right
/home/billy/25-1kp/vla/ROS_action/basket_dataset_v2/episode_20260129_120408_basket_1box_hori_right_core_medium.h5,Navigate to the brown pot on the right
/home/billy/25-1kp/vla/ROS_action/basket_dataset_v2/episode_20260129_121313_basket_1box_hori_right_core_medium.h5,Navigate to the brown pot on the right
/home/billy/25-1kp/vla/ROS_action/basket_dataset_v2/episode_20260129_121346_basket_1box_hori_right_core_medium.h5,Navigate to the brown pot on the right
/home/billy/25-1kp/vla/ROS_action/basket_dataset_v2/episode_20260129_121416_basket_1box_hori_right_core_medium.h5,Navigate to the brown pot on the right
/home/billy/25-1kp/vla/ROS_action/basket_dataset_v2/episode_20260129_121448_basket_1box_hori_right_core_medium.h5,Navigate to the brown pot on the right
/home/billy/25-1kp/vla/ROS_action/basket_dataset_v2/episode_20260129_121513_basket_1box_hori_right_core_medium.h5,Navigate to the brown pot on the right
/home/billy/25-1kp/vla/ROS_action/basket_dataset_v2/episode_20260129_121540_basket_1box_hori_right_core_medium.h5,Navigate to the brown pot on the right
/home/billy/25-1kp/vla/ROS_action/basket_dataset_v2/episode_20260129_121609_basket_1box_hori_right_core_medium.h5,Navigate to the brown pot on the right
/home/billy/25-1kp/vla/ROS_action/basket_dataset_v2/episode_20260129_121640_basket_1box_hori_right_core_medium.h5,Navigate to the brown pot on the right
/home/billy/25-1kp/vla/ROS_action/basket_dataset_v2/episode_20260129_121721_basket_1box_hori_right_core_medium.h5,Navigate to the brown pot on the right
/home/billy/25-1kp/vla/ROS_action/basket_dataset_v2/episode_20260129_121754_basket_1box_hori_right_core_medium.h5,Navigate to the brown pot on the right
/home/billy/25-1kp/vla/ROS_action/basket_dataset_v2/episode_20260129_121828_basket_1box_hori_right_core_medium.h5,Navigate to the brown pot on the right
/home/billy/25-1kp/vla/ROS_action/basket_dataset_v2/episode_20260129_121854_basket_1box_hori_right_core_medium.h5,Navigate to the brown pot on the right
/home/billy/25-1kp/vla/ROS_action/basket_dataset_v2/episode_20260129_121934_basket_1box_hori_right_core_medium.h5,Navigate to the brown pot on the right
/home/billy/25-1kp/vla/ROS_action/basket_dataset_v2/episode_20260129_122029_basket_1box_hori_right_core_medium.h5,Navigate to the brown pot on the right
/home/billy/25-1kp/vla/ROS_action/basket_dataset_v2/episode_20260129_122058_basket_1box_hori_right_core_medium.h5,Navigate to the brown pot on the right
/home/billy/25-1kp/vla/ROS_action/basket_dataset_v2/episode_20260129_122201_basket_1box_hori_right_core_medium.h5,Navigate to the brown pot on the right
/home/billy/25-1kp/vla/ROS_action/basket_dataset_v2/episode_20260129_122232_basket_1box_hori_right_core_medium.h5,Navigate to the brown pot on the right
/home/billy/25-1kp/vla/ROS_action/basket_dataset_v2/episode_20260129_122307_basket_1box_hori_right_core_medium.h5,Navigate to the brown pot on the right
/home/billy/25-1kp/vla/ROS_action/basket_dataset_v2/episode_20260129_122337_basket_1box_hori_right_core_medium.h5,Navigate to the brown pot on the right
/home/billy/25-1kp/vla/ROS_action/basket_dataset_v2/episode_20260129_122405_basket_1box_hori_right_core_medium.h5,Navigate to the brown pot on the right
/home/billy/25-1kp/vla/ROS_action/basket_dataset_v2/episode_20260129_123124_basket_1box_hori_right_core_medium.h5,Navigate to the brown pot on the right
/home/billy/25-1kp/vla/ROS_action/basket_dataset_v2/episode_20260129_123151_basket_1box_hori_right_core_medium.h5,Navigate to the brown pot on the right
/home/billy/25-1kp/vla/ROS_action/basket_dataset_v2/episode_20260129_123217_basket_1box_hori_right_core_medium.h5,Navigate to the brown pot on the right
/home/billy/25-1kp/vla/ROS_action/basket_dataset_v2/episode_20260129_123243_basket_1box_hori_right_core_medium.h5,Navigate to the brown pot on the right
/home/billy/25-1kp/vla/ROS_action/basket_dataset_v2/episode_20260129_123312_basket_1box_hori_right_core_medium.h5,Navigate to the brown pot on the right
/home/billy/25-1kp/vla/ROS_action/basket_dataset_v2/episode_20260129_123338_basket_1box_hori_right_core_medium.h5,Navigate to the brown pot on the right
/home/billy/25-1kp/vla/ROS_action/basket_dataset_v2/episode_20260129_123413_basket_1box_hori_right_core_medium.h5,Navigate to the brown pot on the right
/home/billy/25-1kp/vla/ROS_action/basket_dataset_v2/episode_20260129_123443_basket_1box_hori_right_core_medium.h5,Navigate to the brown pot on the right
/home/billy/25-1kp/vla/ROS_action/basket_dataset_v2/episode_20260129_123519_basket_1box_hori_right_core_medium.h5,Navigate to the brown pot on the right
/home/billy/25-1kp/vla/ROS_action/basket_dataset_v2/episode_20260129_123559_basket_1box_hori_right_core_medium.h5,Navigate to the brown pot on the right
/home/billy/25-1kp/vla/ROS_action/basket_dataset_v2/episode_20260129_123625_basket_1box_hori_right_core_medium.h5,Navigate to the brown pot on the right
/home/billy/25-1kp/vla/ROS_action/basket_dataset_v2/episode_20260129_123659_basket_1box_hori_right_core_medium.h5,Navigate to the brown pot on the right
/home/billy/25-1kp/vla/ROS_action/basket_dataset_v2/episode_20260129_123725_basket_1box_hori_right_core_medium.h5,Navigate to the brown pot on the right
/home/billy/25-1kp/vla/ROS_action/basket_dataset_v2/episode_20260129_123752_basket_1box_hori_right_core_medium.h5,Navigate to the brown pot on the right
/home/billy/25-1kp/vla/ROS_action/basket_dataset_v2/episode_20260129_124029_basket_1box_hori_right_core_medium.h5,Navigate to the brown pot on the right
/home/billy/25-1kp/vla/ROS_action/basket_dataset_v2/episode_20260129_124057_basket_1box_hori_right_core_medium.h5,Navigate to the brown pot on the right
/home/billy/25-1kp/vla/ROS_action/basket_dataset_v2/episode_20260129_124210_basket_1box_hori_right_core_medium.h5,Navigate to the brown pot on the right
/home/billy/25-1kp/vla/ROS_action/basket_dataset_v2/episode_20260129_124240_basket_1box_hori_right_core_medium.h5,Navigate to the brown pot on the right
/home/billy/25-1kp/vla/ROS_action/basket_dataset_v2/episode_20260129_124310_basket_1box_hori_right_core_medium.h5,Navigate to the brown pot on the right
/home/billy/25-1kp/vla/ROS_action/basket_dataset_v2/episode_20260129_124337_basket_1box_hori_right_core_medium.h5,Navigate to the brown pot on the right
/home/billy/25-1kp/vla/ROS_action/basket_dataset_v2/episode_20260129_124405_basket_1box_hori_right_core_medium.h5,Navigate to the brown pot on the right
/home/billy/25-1kp/vla/ROS_action/basket_dataset_v2/episode_20260129_124432_basket_1box_hori_right_core_medium.h5,Navigate to the brown pot on the right
/home/billy/25-1kp/vla/ROS_action/basket_dataset_v2/episode_20260129_124516_basket_1box_hori_right_core_medium.h5,Navigate to the brown pot on the right
/home/billy/25-1kp/vla/ROS_action/basket_dataset_v2/episode_20260129_124543_basket_1box_hori_right_core_medium.h5,Navigate to the brown pot on the right
/home/billy/25-1kp/vla/ROS_action/basket_dataset_v2/episode_20260129_125043_basket_1box_hori_right_core_medium.h5,Navigate to the brown pot on the right
/home/billy/25-1kp/vla/ROS_action/basket_dataset_v2/episode_20260129_125108_basket_1box_hori_right_core_medium.h5,Navigate to the brown pot on the right
/home/billy/25-1kp/vla/ROS_action/basket_dataset_v2/episode_20260129_125135_basket_1box_hori_right_core_medium.h5,Navigate to the brown pot on the right
/home/billy/25-1kp/vla/ROS_action/basket_dataset_v2/episode_20260129_125202_basket_1box_hori_right_core_medium.h5,Navigate to the brown pot on the right
/home/billy/25-1kp/vla/ROS_action/basket_dataset_v2/episode_20260129_125230_basket_1box_hori_right_core_medium.h5,Navigate to the brown pot on the right
/home/billy/25-1kp/vla/ROS_action/basket_dataset_v2/episode_20260129_125257_basket_1box_hori_right_core_medium.h5,Navigate to the brown pot on the right
/home/billy/25-1kp/vla/ROS_action/basket_dataset_v2/episode_20260129_125327_basket_1box_hori_right_core_medium.h5,Navigate to the brown pot on the right
/home/billy/25-1kp/vla/ROS_action/basket_dataset_v2/episode_20260129_125359_basket_1box_hori_right_core_medium.h5,Navigate to the brown pot on the right
/home/billy/25-1kp/vla/ROS_action/basket_dataset_v2/episode_20260129_125430_basket_1box_hori_right_core_medium.h5,Navigate to the brown pot on the right
/home/billy/25-1kp/vla/ROS_action/basket_dataset_v2/episode_20260129_125500_basket_1box_hori_right_core_medium.h5,Navigate to the brown pot on the right
/home/billy/25-1kp/vla/ROS_action/basket_dataset_v2/episode_20260129_125526_basket_1box_hori_right_core_medium.h5,Navigate to the brown pot on the right
/home/billy/25-1kp/vla/ROS_action/basket_dataset_v2/episode_20260129_125555_basket_1box_hori_right_core_medium.h5,Navigate to the brown pot on the right
/home/billy/25-1kp/vla/ROS_action/basket_dataset_v2/episode_20260129_125625_basket_1box_hori_right_core_medium.h5,Navigate to the brown pot on the right
/home/billy/25-1kp/vla/ROS_action/basket_dataset_v2/episode_20260129_125654_basket_1box_hori_right_core_medium.h5,Navigate to the brown pot on the right
/home/billy/25-1kp/vla/ROS_action/basket_dataset_v2/episode_20260129_125723_basket_1box_hori_right_core_medium.h5,Navigate to the brown pot on the right
/home/billy/25-1kp/vla/ROS_action/basket_dataset_v2/episode_20260129_125752_basket_1box_hori_right_core_medium.h5,Navigate to the brown pot on the right
/home/billy/25-1kp/vla/ROS_action/basket_dataset_v2/episode_20260129_130242_basket_1box_hori_right_core_medium.h5,Navigate to the brown pot on the right
/home/billy/25-1kp/vla/ROS_action/basket_dataset_v2/episode_20260129_130308_basket_1box_hori_right_core_medium.h5,Navigate to the brown pot on the right
/home/billy/25-1kp/vla/ROS_action/basket_dataset_v2/episode_20260129_130335_basket_1box_hori_right_core_medium.h5,Navigate to the brown pot on the right
/home/billy/25-1kp/vla/ROS_action/basket_dataset_v2/episode_20260129_130406_basket_1box_hori_right_core_medium.h5,Navigate to the brown pot on the right
/home/billy/25-1kp/vla/ROS_action/basket_dataset_v2/episode_20260129_130433_basket_1box_hori_right_core_medium.h5,Navigate to the brown pot on the right
/home/billy/25-1kp/vla/ROS_action/basket_dataset_v2/episode_20260129_130500_basket_1box_hori_right_core_medium.h5,Navigate to the brown pot on the right
/home/billy/25-1kp/vla/ROS_action/basket_dataset_v2/episode_20260129_130527_basket_1box_hori_right_core_medium.h5,Navigate to the brown pot on the right
/home/billy/25-1kp/vla/ROS_action/basket_dataset_v2/episode_20260129_130554_basket_1box_hori_right_core_medium.h5,Navigate to the brown pot on the right
/home/billy/25-1kp/vla/ROS_action/basket_dataset_v2/episode_20260129_130621_basket_1box_hori_right_core_medium.h5,Navigate to the brown pot on the right
/home/billy/25-1kp/vla/ROS_action/basket_dataset_v2/episode_20260129_130650_basket_1box_hori_right_core_medium.h5,Navigate to the brown pot on the right
/home/billy/25-1kp/vla/ROS_action/basket_dataset_v2/episode_20260129_130716_basket_1box_hori_right_core_medium.h5,Navigate to the brown pot on the right
/home/billy/25-1kp/vla/ROS_action/basket_dataset_v2/episode_20260129_130742_basket_1box_hori_right_core_medium.h5,Navigate to the brown pot on the right
/home/billy/25-1kp/vla/ROS_action/basket_dataset_v2/episode_20260129_130810_basket_1box_hori_right_core_medium.h5,Navigate to the brown pot on the right
/home/billy/25-1kp/vla/ROS_action/basket_dataset_v2/episode_20260129_130855_basket_1box_hori_right_core_medium.h5,Navigate to the brown pot on the right
/home/billy/25-1kp/vla/ROS_action/basket_dataset_v2/episode_20260129_130927_basket_1box_hori_right_core_medium.h5,Navigate to the brown pot on the right
/home/billy/25-1kp/vla/ROS_action/basket_dataset_v2/episode_20260129_131007_basket_1box_hori_right_core_medium.h5,Navigate to the brown pot on the right
/home/billy/25-1kp/vla/ROS_action/basket_dataset_v2/episode_20260129_131103_basket_1box_hori_right_core_medium.h5,Navigate to the brown pot on the right
/home/billy/25-1kp/vla/ROS_action/basket_dataset_v2/episode_20260129_131146_basket_1box_hori_right_core_medium.h5,Navigate to the brown pot on the right
/home/billy/25-1kp/vla/ROS_action/basket_dataset_v2/episode_20260129_131218_basket_1box_hori_right_core_medium.h5,Navigate to the brown pot on the right
/home/billy/25-1kp/vla/ROS_action/basket_dataset_v2/episode_20260129_131244_basket_1box_hori_right_core_medium.h5,Navigate to the brown pot on the right
/home/billy/25-1kp/vla/ROS_action/basket_dataset_v2/episode_20260129_131312_basket_1box_hori_right_core_medium.h5,Navigate to the brown pot on the right
/home/billy/25-1kp/vla/ROS_action/basket_dataset_v2/episode_20260129_131405_basket_1box_hori_right_core_medium.h5,Navigate to the brown pot on the right
/home/billy/25-1kp/vla/ROS_action/basket_dataset_v2/episode_20260129_131442_basket_1box_hori_right_core_medium.h5,Navigate to the brown pot on the right
/home/billy/25-1kp/vla/ROS_action/basket_dataset_v2/episode_20260129_131509_basket_1box_hori_right_core_medium.h5,Navigate to the brown pot on the right
/home/billy/25-1kp/vla/ROS_action/basket_dataset_v2/episode_20260129_131547_basket_1box_hori_right_core_medium.h5,Navigate to the brown pot on the right
/home/billy/25-1kp/vla/ROS_action/basket_dataset_v2/episode_20260129_131621_basket_1box_hori_right_core_medium.h5,Navigate to the brown pot on the right
/home/billy/25-1kp/vla/ROS_action/basket_dataset_v2/episode_20260129_131657_basket_1box_hori_right_core_medium.h5,Navigate to the brown pot on the right
/home/billy/25-1kp/vla/ROS_action/basket_dataset_v2/episode_20260129_131740_basket_1box_hori_right_core_medium.h5,Navigate to the brown pot on the right
/home/billy/25-1kp/vla/ROS_action/basket_dataset_v2/episode_20260129_131805_basket_1box_hori_right_core_medium.h5,Navigate to the brown pot on the right
/home/billy/25-1kp/vla/ROS_action/basket_dataset_v2/episode_20260129_131848_basket_1box_hori_right_core_medium.h5,Navigate to the brown pot on the right
/home/billy/25-1kp/vla/ROS_action/basket_dataset_v2/episode_20260129_131918_basket_1box_hori_right_core_medium.h5,Navigate to the brown pot on the right
/home/billy/25-1kp/vla/ROS_action/basket_dataset_v2/episode_20260129_131949_basket_1box_hori_right_core_medium.h5,Navigate to the brown pot on the right
/home/billy/25-1kp/vla/ROS_action/basket_dataset_v2/episode_20260129_132018_basket_1box_hori_right_core_medium.h5,Navigate to the brown pot on the right
/home/billy/25-1kp/vla/ROS_action/basket_dataset_v2/episode_20260129_132046_basket_1box_hori_right_core_medium.h5,Navigate to the brown pot on the right
/home/billy/25-1kp/vla/ROS_action/basket_dataset_v2/episode_20260129_132116_basket_1box_hori_right_core_medium.h5,Navigate to the brown pot on the right
/home/billy/25-1kp/vla/ROS_action/basket_dataset_v2/episode_20260129_132146_basket_1box_hori_right_core_medium.h5,Navigate to the brown pot on the right
/home/billy/25-1kp/vla/ROS_action/basket_dataset_v2/episode_20260129_132219_basket_1box_hori_right_core_medium.h5,Navigate to the brown pot on the right
/home/billy/25-1kp/vla/ROS_action/basket_dataset_v2/episode_20260129_132250_basket_1box_hori_right_core_medium.h5,Navigate to the brown pot on the right
/home/billy/25-1kp/vla/ROS_action/basket_dataset_v2/episode_20260129_132323_basket_1box_hori_right_core_medium.h5,Navigate to the brown pot on the right
/home/billy/25-1kp/vla/ROS_action/basket_dataset_v2/episode_20260129_132351_basket_1box_hori_right_core_medium.h5,Navigate to the brown pot on the right
/home/billy/25-1kp/vla/ROS_action/basket_dataset_v2/episode_20260129_132422_basket_1box_hori_right_core_medium.h5,Navigate to the brown pot on the right
/home/billy/25-1kp/vla/ROS_action/basket_dataset_v2/episode_20260129_132504_basket_1box_hori_right_core_medium.h5,Navigate to the brown pot on the right
/home/billy/25-1kp/vla/ROS_action/basket_dataset_v2/episode_20260129_132534_basket_1box_hori_right_core_medium.h5,Navigate to the brown pot on the right
/home/billy/25-1kp/vla/ROS_action/basket_dataset_v2/episode_20260129_132609_basket_1box_hori_right_core_medium.h5,Navigate to the brown pot on the right
/home/billy/25-1kp/vla/ROS_action/basket_dataset_v2/episode_20260129_132643_basket_1box_hori_right_core_medium.h5,Navigate to the brown pot on the right
/home/billy/25-1kp/vla/ROS_action/basket_dataset_v2/episode_20260129_132724_basket_1box_hori_right_core_medium.h5,Navigate to the brown pot on the right
/home/billy/25-1kp/vla/ROS_action/basket_dataset_v2/episode_20260129_132801_basket_1box_hori_right_core_medium.h5,Navigate to the brown pot on the right
/home/billy/25-1kp/vla/ROS_action/basket_dataset_v2/episode_20260129_132831_basket_1box_hori_right_core_medium.h5,Navigate to the brown pot on the right
/home/billy/25-1kp/vla/ROS_action/basket_dataset_v2/episode_20260129_132910_basket_1box_hori_right_core_medium.h5,Navigate to the brown pot on the right
/home/billy/25-1kp/vla/ROS_action/basket_dataset_v2/episode_20260129_132942_basket_1box_hori_right_core_medium.h5,Navigate to the brown pot on the right
/home/billy/25-1kp/vla/ROS_action/basket_dataset_v2/episode_20260129_133029_basket_1box_hori_right_core_medium.h5,Navigate to the brown pot on the right
/home/billy/25-1kp/vla/ROS_action/basket_dataset_v2/episode_20260129_133057_basket_1box_hori_right_core_medium.h5,Navigate to the brown pot on the right
/home/billy/25-1kp/vla/ROS_action/basket_dataset_v2/episode_20260129_133125_basket_1box_hori_right_core_medium.h5,Navigate to the brown pot on the right
/home/billy/25-1kp/vla/ROS_action/basket_dataset_v2/episode_20260129_133153_basket_1box_hori_right_core_medium.h5,Navigate to the brown pot on the right
/home/billy/25-1kp/vla/ROS_action/basket_dataset_v2/episode_20260129_133243_basket_1box_hori_right_core_medium.h5,Navigate to the brown pot on the right
/home/billy/25-1kp/vla/ROS_action/basket_dataset_v2/episode_20260129_133311_basket_1box_hori_right_core_medium.h5,Navigate to the brown pot on the right
/home/billy/25-1kp/vla/ROS_action/basket_dataset_v2/episode_20260129_133340_basket_1box_hori_right_core_medium.h5,Navigate to the brown pot on the right
/home/billy/25-1kp/vla/ROS_action/basket_dataset_v2/episode_20260129_133406_basket_1box_hori_right_core_medium.h5,Navigate to the brown pot on the right
/home/billy/25-1kp/vla/ROS_action/basket_dataset_v2/episode_20260129_133433_basket_1box_hori_right_core_medium.h5,Navigate to the brown pot on the right
/home/billy/25-1kp/vla/ROS_action/basket_dataset_v2/episode_20260129_133500_basket_1box_hori_right_core_medium.h5,Navigate to the brown pot on the right
/home/billy/25-1kp/vla/ROS_action/basket_dataset_v2/episode_20260129_133527_basket_1box_hori_right_core_medium.h5,Navigate to the brown pot on the right
/home/billy/25-1kp/vla/ROS_action/basket_dataset_v2/episode_20260129_133610_basket_1box_hori_right_core_medium.h5,Navigate to the brown pot on the right
/home/billy/25-1kp/vla/ROS_action/basket_dataset_v2/episode_20260129_133637_basket_1box_hori_right_core_medium.h5,Navigate to the brown pot on the right
